route_id,time_slot,passengers
1,7,202
1,8,535
1,9,370
1,10,206
1,17,171
1,18,120
1,19,221
2,7,566
2,8,314
2,9,430
2,10,558
2,17,187
2,18,472
2,19,199
3,7,230
3,8,408
3,9,443
3,10,591
3,17,513
3,18,485
3,19,291
4,7,376
4,8,260
4,9,559
4,10,413
4,17,121
4,18,352
4,19,660
5,7,574
5,8,158
5,9,610
5,10,575
5,17,289
5,18,662
5,19,666
6,7,343
6,8,604
6,9,230
6,10,584
6,17,120
6,18,266
6,19,373
7,7,487
7,8,415
7,9,113
7,10,341
7,17,445
7,18,664
7,19,439
8,7,191
8,8,466
8,9,554
8,10,527
8,17,608
8,18,134
8,19,305
9,7,180
9,8,661
9,9,487
9,10,101
9,17,489
9,18,665
9,19,205
10,7,576
10,8,501
10,9,655
10,10,261
10,17,301
10,18,369
10,19,370
11,7,555
11,8,561
11,9,351
11,10,395
11,17,437
11,18,152
11,19,316
12,7,287
12,8,479
12,9,592
12,10,140
12,17,256
12,18,114
12,19,164
13,7,620
13,8,443
13,9,228
13,10,571
13,17,162
13,18,238
13,19,598
14,7,692
14,8,491
14,9,518
14,10,388
14,17,478
14,18,589
14,19,330
15,7,140
15,8,127
15,9,234
15,10,300
15,17,132
15,18,147
15,19,602
16,7,506
16,8,673
16,9,198
16,10,646
16,17,561
16,18,104
16,19,317
17,7,602
17,8,497
17,9,492
17,10,306
17,17,114
17,18,653
17,19,560
18,7,674
18,8,340
18,9,663
18,10,195
18,17,584
18,18,506
18,19,330
19,7,270
19,8,640
19,9,135
19,10,624
19,17,259
19,18,342
19,19,185
20,7,677
20,8,656
20,9,673
20,10,127
20,17,655
20,18,439
20,19,430
21,7,605
21,8,447
21,9,572
21,10,330
21,17,289
21,18,324
21,19,484
22,7,476
22,8,382
22,9,358
22,10,458
22,17,555
22,18,510
22,19,417
23,7,324
23,8,333
23,9,473
23,10,571
23,17,332
23,18,212
23,19,596
24,7,541
24,8,663
24,9,367
24,10,609
24,17,485
24,18,486
24,19,212
25,7,180
25,8,212
25,9,101
25,10,319
25,17,665
25,18,324
25,19,484
26,7,502
26,8,229
26,9,152
26,10,515
26,17,346
26,18,538
26,19,302
27,7,283
27,8,222
27,9,500
27,10,393
27,17,379
27,18,297
27,19,610
28,7,243
28,8,300
28,9,223
28,10,286
28,17,425
28,18,563
28,19,448
29,7,502
29,8,445
29,9,610
29,10,246
29,17,247
29,18,588
29,19,650
30,7,437
30,8,572
30,9,250
30,10,514
30,17,397
30,18,362
30,19,243
31,7,445
31,8,671
31,9,101
31,10,403
31,17,353
31,18,552
31,19,136
32,7,259
32,8,108
32,9,332
32,10,198
32,17,307
32,18,230
32,19,503
33,7,251
33,8,153
33,9,219
33,10,686
33,17,519
33,18,521
33,19,203
34,7,353
34,8,326
34,9,211
34,10,609
34,17,572
34,18,198
34,19,252
35,7,437
35,8,262
35,9,260
35,10,679
35,17,497
35,18,376
35,19,603
36,7,491
36,8,234
36,9,294
36,10,500
36,17,132
36,18,559
36,19,569
37,7,474
37,8,121
37,9,137
37,10,329
37,17,464
37,18,662
37,19,537
38,7,382
38,8,126
38,9,325
38,10,376
38,17,383
38,18,580
38,19,552
39,7,615
39,8,646
39,9,291
39,10,148
39,17,611
39,18,116
39,19,271
40,7,319
40,8,257
40,9,576
40,10,145
40,17,472
40,18,617
40,19,198
41,7,136
41,8,379
41,9,448
41,10,596
41,17,401
41,18,280
41,19,198
42,7,215
42,8,290
42,9,352
42,10,260
42,17,355
42,18,422
42,19,227
43,7,117
43,8,665
43,9,669
43,10,422
43,17,387
43,18,254
43,19,589
44,7,485
44,8,203
44,9,492
44,10,345
44,17,275
44,18,138
44,19,576
45,7,637
45,8,507
45,9,624
45,10,605
45,17,135
45,18,119
45,19,420
46,7,611
46,8,499
46,9,570
46,10,242
46,17,191
46,18,453
46,19,150
47,7,674
47,8,289
47,9,224
47,10,249
47,17,413
47,18,669
47,19,441
48,7,404
48,8,153
48,9,543
48,10,363
48,17,152
48,18,671
48,19,104
49,7,202
49,8,295
49,9,449
49,10,146
49,17,368
49,18,469
49,19,205
50,7,219
50,8,157
50,9,445
50,10,573
50,17,216
50,18,226
50,19,492
51,7,157
51,8,612
51,9,195
51,10,217
51,17,659
51,18,587
51,19,336
52,7,371
52,8,288
52,9,546
52,10,680
52,17,346
52,18,175
52,19,253
53,7,534
53,8,185
53,9,384
53,10,319
53,17,168
53,18,146
53,19,193
54,7,552
54,8,303
54,9,317
54,10,573
54,17,531
54,18,440
54,19,650
55,7,388
55,8,353
55,9,456
55,10,122
55,17,621
55,18,199
55,19,279
56,7,322
56,8,541
56,9,424
56,10,615
56,17,115
56,18,435
56,19,357
57,7,596
57,8,259
57,9,574
57,10,479
57,17,644
57,18,526
57,19,367
58,7,676
58,8,516
58,9,267
58,10,142
58,17,655
58,18,384
58,19,496
59,7,111
59,8,401
59,9,352
59,10,598
59,17,134
59,18,189
59,19,517
60,7,214
60,8,295
60,9,600
60,10,592
60,17,174
60,18,512
60,19,475
61,7,519
61,8,376
61,9,493
61,10,556
61,17,291
61,18,198
61,19,647
62,7,195
62,8,289
62,9,136
62,10,468
62,17,624
62,18,378
62,19,316
63,7,372
63,8,161
63,9,695
63,10,441
63,17,496
63,18,118
63,19,276
64,7,495
64,8,544
64,9,332
64,10,175
64,17,364
64,18,554
64,19,483
65,7,663
65,8,605
65,9,466
65,10,243
65,17,168
65,18,198
65,19,495
66,7,124
66,8,568
66,9,583
66,10,664
66,17,250
66,18,243
66,19,668
67,7,138
67,8,208
67,9,141
67,10,285
67,17,497
67,18,322
67,19,232
68,7,262
68,8,314
68,9,334
68,10,687
68,17,108
68,18,173
68,19,591
69,7,352
69,8,329
69,9,618
69,10,273
69,17,267
69,18,269
69,19,492
70,7,293
70,8,616
70,9,128
70,10,264
70,17,521
70,18,438
70,19,595
71,7,464
71,8,441
71,9,599
71,10,610
71,17,426
71,18,316
71,19,400
72,7,231
72,8,169
72,9,351
72,10,514
72,17,544
72,18,281
72,19,266
73,7,190
73,8,630
73,9,138
73,10,225
73,17,550
73,18,272
73,19,319
74,7,157
74,8,575
74,9,555
74,10,460
74,17,100
74,18,486
74,19,447
75,7,289
75,8,604
75,9,290
75,10,607
75,17,468
75,18,508
75,19,216
76,7,233
76,8,157
76,9,655
76,10,272
76,17,248
76,18,179
76,19,312
77,7,302
77,8,328
77,9,326
77,10,631
77,17,540
77,18,501
77,19,146
78,7,332
78,8,404
78,9,625
78,10,242
78,17,514
78,18,612
78,19,472
79,7,665
79,8,358
79,9,570
79,10,111
79,17,429
79,18,457
79,19,507
80,7,472
80,8,107
80,9,221
80,10,447
80,17,189
80,18,415
80,19,277
81,7,639
81,8,140
81,9,601
81,10,244
81,17,300
81,18,560
81,19,657
82,7,646
82,8,352
82,9,489
82,10,693
82,17,355
82,18,549
82,19,109
83,7,341
83,8,350
83,9,104
83,10,218
83,17,473
83,18,164
83,19,245
84,7,323
84,8,338
84,9,276
84,10,381
84,17,162
84,18,316
84,19,560
85,7,204
85,8,198
85,9,610
85,10,484
85,17,504
85,18,617
85,19,575
86,7,536
86,8,122
86,9,664
86,10,557
86,17,182
86,18,244
86,19,184
87,7,177
87,8,556
87,9,100
87,10,150
87,17,545
87,18,548
87,19,587
88,7,133
88,8,447
88,9,194
88,10,171
88,17,650
88,18,253
88,19,349
89,7,537
89,8,217
89,9,405
89,10,367
89,17,153
89,18,335
89,19,488
90,7,500
90,8,402
90,9,306
90,10,328
90,17,677
90,18,174
90,19,534
91,7,202
91,8,521
91,9,405
91,10,197
91,17,434
91,18,534
91,19,546
92,7,407
92,8,348
92,9,265
92,10,580
92,17,434
92,18,641
92,19,205
93,7,662
93,8,180
93,9,232
93,10,237
93,17,283
93,18,500
93,19,429
94,7,607
94,8,168
94,9,645
94,10,152
94,17,549
94,18,304
94,19,225
95,7,142
95,8,210
95,9,282
95,10,194
95,17,473
95,18,619
95,19,459
96,7,380
96,8,294
96,9,294
96,10,192
96,17,160
96,18,150
96,19,502
97,7,104
97,8,565
97,9,633
97,10,504
97,17,612
97,18,332
97,19,623
98,7,445
98,8,145
98,9,645
98,10,177
98,17,172
98,18,348
98,19,146
99,7,220
99,8,313
99,9,338
99,10,155
99,17,449
99,18,206
99,19,147
100,7,672
100,8,436
100,9,125
100,10,356
100,17,107
100,18,352
100,19,402
101,7,155
101,8,625
101,9,573
101,10,127
101,17,177
101,18,315
101,19,485
102,7,464
102,8,625
102,9,411
102,10,106
102,17,102
102,18,462
102,19,607
103,7,373
103,8,605
103,9,114
103,10,291
103,17,584
103,18,127
103,19,138
104,7,372
104,8,330
104,9,185
104,10,573
104,17,225
104,18,636
104,19,244
105,7,624
105,8,311
105,9,124
105,10,679
105,17,493
105,18,166
105,19,332
106,7,208
106,8,245
106,9,210
106,10,327
106,17,210
106,18,569
106,19,133
107,7,468
107,8,694
107,9,653
107,10,524
107,17,617
107,18,381
107,19,419
108,7,542
108,8,414
108,9,476
108,10,388
108,17,536
108,18,376
108,19,681
109,7,602
109,8,615
109,9,449
109,10,545
109,17,449
109,18,236
109,19,342
110,7,642
110,8,139
110,9,328
110,10,647
110,17,322
110,18,105
110,19,421
111,7,567
111,8,174
111,9,103
111,10,217
111,17,603
111,18,673
111,19,540
112,7,293
112,8,491
112,9,125
112,10,534
112,17,272
112,18,399
112,19,425
113,7,509
113,8,217
113,9,324
113,10,631
113,17,212
113,18,239
113,19,658
114,7,100
114,8,189
114,9,419
114,10,649
114,17,238
114,18,610
114,19,358
115,7,109
115,8,360
115,9,271
115,10,112
115,17,267
115,18,695
115,19,420
116,7,418
116,8,428
116,9,649
116,10,518
116,17,194
116,18,680
116,19,417
117,7,335
117,8,433
117,9,475
117,10,558
117,17,236
117,18,687
117,19,646
118,7,612
118,8,395
118,9,419
118,10,671
118,17,448
118,18,328
118,19,369
119,7,390
119,8,264
119,9,104
119,10,478
119,17,177
119,18,509
119,19,673
120,7,231
120,8,141
120,9,188
120,10,501
120,17,395
120,18,394
120,19,625
121,7,521
121,8,122
121,9,674
121,10,242
121,17,244
121,18,324
121,19,602
122,7,203
122,8,138
122,9,297
122,10,678
122,17,490
122,18,278
122,19,653
123,7,547
123,8,599
123,9,114
123,10,388
123,17,577
123,18,330
123,19,519
124,7,256
124,8,649
124,9,540
124,10,196
124,17,510
124,18,388
124,19,353
125,7,295
125,8,697
125,9,621
125,10,616
125,17,217
125,18,258
125,19,327
126,7,315
126,8,114
126,9,256
126,10,360
126,17,256
126,18,146
126,19,423
127,7,229
127,8,510
127,9,194
127,10,391
127,17,382
127,18,168
127,19,110
128,7,353
128,8,649
128,9,233
128,10,122
128,17,445
128,18,401
128,19,462
129,7,495
129,8,317
129,9,240
129,10,309
129,17,559
129,18,455
129,19,423
130,7,232
130,8,226
130,9,205
130,10,477
130,17,150
130,18,128
130,19,561
131,7,395
131,8,396
131,9,506
131,10,504
131,17,445
131,18,519
131,19,281
132,7,100
132,8,666
132,9,470
132,10,530
132,17,408
132,18,236
132,19,301
133,7,535
133,8,412
133,9,216
133,10,674
133,17,343
133,18,636
133,19,174
134,7,485
134,8,309
134,9,574
134,10,517
134,17,446
134,18,628
134,19,278
135,7,281
135,8,124
135,9,279
135,10,600
135,17,260
135,18,276
135,19,384
136,7,162
136,8,255
136,9,568
136,10,148
136,17,183
136,18,460
136,19,247
137,7,441
137,8,575
137,9,162
137,10,459
137,17,660
137,18,426
137,19,240
138,7,314
138,8,534
138,9,417
138,10,131
138,17,384
138,18,404
138,19,528
139,7,576
139,8,385
139,9,243
139,10,523
139,17,118
139,18,117
139,19,689
140,7,470
140,8,274
140,9,293
140,10,601
140,17,212
140,18,213
140,19,321
141,7,363
141,8,154
141,9,557
141,10,261
141,17,479
141,18,186
141,19,154
142,7,575
142,8,277
142,9,490
142,10,448
142,17,107
142,18,412
142,19,542
143,7,427
143,8,153
143,9,338
143,10,328
143,17,678
143,18,150
143,19,363
144,7,517
144,8,195
144,9,187
144,10,177
144,17,387
144,18,219
144,19,590
145,7,551
145,8,599
145,9,264
145,10,281
145,17,568
145,18,106
145,19,429
146,7,250
146,8,184
146,9,246
146,10,480
146,17,647
146,18,384
146,19,181
147,7,613
147,8,622
147,9,485
147,10,570
147,17,218
147,18,495
147,19,631
148,7,360
148,8,355
148,9,325
148,10,152
148,17,599
148,18,605
148,19,463
149,7,379
149,8,692
149,9,257
149,10,158
149,17,227
149,18,214
149,19,308
150,7,625
150,8,620
150,9,651
150,10,336
150,17,380
150,18,458
150,19,300
151,7,377
151,8,334
151,9,593
151,10,103
151,17,541
151,18,128
151,19,208
152,7,174
152,8,245
152,9,227
152,10,141
152,17,455
152,18,140
152,19,133
153,7,116
153,8,252
153,9,477
153,10,687
153,17,698
153,18,441
153,19,126
154,7,386
154,8,267
154,9,367
154,10,554
154,17,500
154,18,575
154,19,657
155,7,675
155,8,229
155,9,462
155,10,391
155,17,470
155,18,128
155,19,248
156,7,395
156,8,110
156,9,611
156,10,212
156,17,286
156,18,326
156,19,409
157,7,197
157,8,154
157,9,505
157,10,168
157,17,411
157,18,388
157,19,647
158,7,247
158,8,566
158,9,343
158,10,590
158,17,606
158,18,464
158,19,581
159,7,300
159,8,253
159,9,549
159,10,600
159,17,172
159,18,395
159,19,116
160,7,316
160,8,160
160,9,141
160,10,124
160,17,138
160,18,230
160,19,597
161,7,328
161,8,207
161,9,271
161,10,534
161,17,577
161,18,201
161,19,623
162,7,374
162,8,143
162,9,116
162,10,429
162,17,668
162,18,596
162,19,111
163,7,417
163,8,691
163,9,315
163,10,438
163,17,180
163,18,584
163,19,473
164,7,299
164,8,636
164,9,565
164,10,188
164,17,367
164,18,670
164,19,588
165,7,637
165,8,146
165,9,387
165,10,115
165,17,500
165,18,185
165,19,349
166,7,490
166,8,434
166,9,618
166,10,236
166,17,597
166,18,576
166,19,693
167,7,322
167,8,471
167,9,501
167,10,542
167,17,589
167,18,372
167,19,625
168,7,258
168,8,251
168,9,287
168,10,197
168,17,230
168,18,270
168,19,282
169,7,463
169,8,138
169,9,626
169,10,596
169,17,615
169,18,448
169,19,496
170,7,260
170,8,115
170,9,592
170,10,525
170,17,207
170,18,549
170,19,410
171,7,269
171,8,645
171,9,513
171,10,350
171,17,240
171,18,373
171,19,515
172,7,138
172,8,128
172,9,576
172,10,417
172,17,344
172,18,371
172,19,539
173,7,338
173,8,476
173,9,365
173,10,458
173,17,439
173,18,488
173,19,676
174,7,102
174,8,528
174,9,241
174,10,475
174,17,423
174,18,245
174,19,392
175,7,531
175,8,684
175,9,498
175,10,443
175,17,239
175,18,286
175,19,160
176,7,479
176,8,539
176,9,418
176,10,401
176,17,443
176,18,110
176,19,161
177,7,325
177,8,252
177,9,663
177,10,670
177,17,683
177,18,674
177,19,409
178,7,342
178,8,592
178,9,465
178,10,429
178,17,206
178,18,325
178,19,317
179,7,605
179,8,358
179,9,616
179,10,153
179,17,146
179,18,620
179,19,198
180,7,119
180,8,672
180,9,589
180,10,518
180,17,161
180,18,244
180,19,315
181,7,102
181,8,259
181,9,219
181,10,188
181,17,428
181,18,679
181,19,456
182,7,366
182,8,422
182,9,640
182,10,294
182,17,431
182,18,269
182,19,620
183,7,562
183,8,139
183,9,636
183,10,360
183,17,494
183,18,325
183,19,223
184,7,137
184,8,427
184,9,350
184,10,275
184,17,553
184,18,136
184,19,415
185,7,692
185,8,213
185,9,139
185,10,400
185,17,323
185,18,417
185,19,448
186,7,214
186,8,422
186,9,667
186,10,139
186,17,139
186,18,388
186,19,361
187,7,315
187,8,246
187,9,435
187,10,267
187,17,191
187,18,452
187,19,670
188,7,670
188,8,462
188,9,656
188,10,444
188,17,269
188,18,455
188,19,290
189,7,521
189,8,106
189,9,232
189,10,656
189,17,130
189,18,634
189,19,525
190,7,493
190,8,462
190,9,536
190,10,650
190,17,181
190,18,455
190,19,357
191,7,688
191,8,623
191,9,394
191,10,323
191,17,624
191,18,145
191,19,212
192,7,332
192,8,116
192,9,459
192,10,322
192,17,547
192,18,464
192,19,425
193,7,566
193,8,513
193,9,554
193,10,685
193,17,332
193,18,323
193,19,511
194,7,671
194,8,434
194,9,321
194,10,136
194,17,377
194,18,295
194,19,583
195,7,341
195,8,423
195,9,291
195,10,116
195,17,623
195,18,500
195,19,121
196,7,573
196,8,219
196,9,309
196,10,405
196,17,369
196,18,384
196,19,326
197,7,480
197,8,559
197,9,106
197,10,128
197,17,132
197,18,178
197,19,558
198,7,669
198,8,637
198,9,581
198,10,529
198,17,384
198,18,615
198,19,198
199,7,496
199,8,588
199,9,138
199,10,370
199,17,256
199,18,174
199,19,229
200,7,183
200,8,121
200,9,558
200,10,638
200,17,481
200,18,539
200,19,120
201,7,402
201,8,183
201,9,552
201,10,486
201,17,606
201,18,356
201,19,669
202,7,626
202,8,261
202,9,262
202,10,623
202,17,370
202,18,591
202,19,307
203,7,638
203,8,683
203,9,159
203,10,529
203,17,408
203,18,619
203,19,690
204,7,126
204,8,661
204,9,298
204,10,486
204,17,448
204,18,635
204,19,477
205,7,657
205,8,626
205,9,252
205,10,305
205,17,554
205,18,372
205,19,335
206,7,620
206,8,600
206,9,216
206,10,485
206,17,443
206,18,683
206,19,494
207,7,163
207,8,171
207,9,373
207,10,419
207,17,437
207,18,465
207,19,594
208,7,265
208,8,643
208,9,110
208,10,400
208,17,201
208,18,524
208,19,491
209,7,313
209,8,187
209,9,652
209,10,500
209,17,687
209,18,145
209,19,562
210,7,691
210,8,409
210,9,185
210,10,191
210,17,341
210,18,101
210,19,324
211,7,688
211,8,215
211,9,202
211,10,293
211,17,265
211,18,189
211,19,221
212,7,242
212,8,205
212,9,527
212,10,404
212,17,416
212,18,108
212,19,172
213,7,458
213,8,322
213,9,515
213,10,652
213,17,469
213,18,363
213,19,417
214,7,183
214,8,417
214,9,210
214,10,350
214,17,482
214,18,106
214,19,558
215,7,183
215,8,307
215,9,489
215,10,413
215,17,121
215,18,509
215,19,614
216,7,226
216,8,113
216,9,111
216,10,186
216,17,623
216,18,636
216,19,400
217,7,342
217,8,221
217,9,246
217,10,666
217,17,455
217,18,408
217,19,387
218,7,406
218,8,693
218,9,648
218,10,451
218,17,411
218,18,158
218,19,134
219,7,544
219,8,192
219,9,306
219,10,452
219,17,431
219,18,258
219,19,123
220,7,503
220,8,615
220,9,463
220,10,481
220,17,631
220,18,251
220,19,661
221,7,519
221,8,349
221,9,216
221,10,611
221,17,677
221,18,434
221,19,517
222,7,394
222,8,470
222,9,285
222,10,345
222,17,367
222,18,336
222,19,629
223,7,651
223,8,120
223,9,619
223,10,199
223,17,577
223,18,698
223,19,397
224,7,625
224,8,433
224,9,101
224,10,474
224,17,392
224,18,652
224,19,417
225,7,601
225,8,480
225,9,113
225,10,603
225,17,330
225,18,183
225,19,229
226,7,244
226,8,127
226,9,165
226,10,262
226,17,328
226,18,360
226,19,548
227,7,523
227,8,559
227,9,400
227,10,402
227,17,386
227,18,494
227,19,109
228,7,369
228,8,691
228,9,460
228,10,356
228,17,232
228,18,375
228,19,612
229,7,412
229,8,675
229,9,383
229,10,220
229,17,206
229,18,303
229,19,264
230,7,404
230,8,596
230,9,655
230,10,255
230,17,466
230,18,350
230,19,433
231,7,610
231,8,392
231,9,119
231,10,381
231,17,100
231,18,218
231,19,134
232,7,297
232,8,584
232,9,158
232,10,260
232,17,305
232,18,111
232,19,589
233,7,375
233,8,341
233,9,315
233,10,350
233,17,225
233,18,316
233,19,405
234,7,284
234,8,138
234,9,322
234,10,283
234,17,594
234,18,526
234,19,277
235,7,527
235,8,393
235,9,250
235,10,483
235,17,407
235,18,435
235,19,474
236,7,107
236,8,440
236,9,228
236,10,451
236,17,457
236,18,616
236,19,594
237,7,185
237,8,274
237,9,292
237,10,410
237,17,218
237,18,317
237,19,526
238,7,513
238,8,213
238,9,244
238,10,637
238,17,402
238,18,687
238,19,444
239,7,100
239,8,246
239,9,386
239,10,152
239,17,403
239,18,168
239,19,460
240,7,319
240,8,674
240,9,684
240,10,260
240,17,188
240,18,684
240,19,688
241,7,258
241,8,588
241,9,423
241,10,480
241,17,201
241,18,593
241,19,118
242,7,553
242,8,581
242,9,693
242,10,496
242,17,378
242,18,464
242,19,430
243,7,443
243,8,554
243,9,164
243,10,175
243,17,242
243,18,572
243,19,516
244,7,404
244,8,596
244,9,390
244,10,201
244,17,366
244,18,102
244,19,184
245,7,427
245,8,549
245,9,553
245,10,320
245,17,253
245,18,111
245,19,232
246,7,403
246,8,392
246,9,399
246,10,142
246,17,442
246,18,425
246,19,597
247,7,463
247,8,526
247,9,120
247,10,506
247,17,435
247,18,216
247,19,223
248,7,498
248,8,150
248,9,423
248,10,240
248,17,569
248,18,433
248,19,472
249,7,663
249,8,593
249,9,638
249,10,255
249,17,390
249,18,243
249,19,205
250,7,519
250,8,101
250,9,688
250,10,189
250,17,444
250,18,449
250,19,558
251,7,362
251,8,450
251,9,207
251,10,685
251,17,138
251,18,258
251,19,682
252,7,411
252,8,340
252,9,544
252,10,397
252,17,135
252,18,183
252,19,551
253,7,484
253,8,271
253,9,475
253,10,461
253,17,658
253,18,240
253,19,217
254,7,376
254,8,319
254,9,125
254,10,620
254,17,109
254,18,477
254,19,683
255,7,251
255,8,148
255,9,253
255,10,392
255,17,679
255,18,149
255,19,630
256,7,159
256,8,266
256,9,301
256,10,245
256,17,538
256,18,341
256,19,680
257,7,660
257,8,582
257,9,207
257,10,325
257,17,531
257,18,518
257,19,554
258,7,259
258,8,622
258,9,689
258,10,176
258,17,608
258,18,540
258,19,353
259,7,419
259,8,362
259,9,696
259,10,653
259,17,473
259,18,266
259,19,558
260,7,379
260,8,401
260,9,630
260,10,679
260,17,317
260,18,201
260,19,653
261,7,387
261,8,266
261,9,135
261,10,452
261,17,172
261,18,452
261,19,169
262,7,524
262,8,660
262,9,616
262,10,527
262,17,638
262,18,259
262,19,248
263,7,329
263,8,661
263,9,166
263,10,480
263,17,157
263,18,358
263,19,441
264,7,229
264,8,271
264,9,308
264,10,453
264,17,570
264,18,215
264,19,363
265,7,541
265,8,647
265,9,552
265,10,576
265,17,386
265,18,402
265,19,410
266,7,307
266,8,545
266,9,154
266,10,111
266,17,499
266,18,614
266,19,641
267,7,336
267,8,378
267,9,447
267,10,203
267,17,616
267,18,347
267,19,463
268,7,420
268,8,385
268,9,248
268,10,183
268,17,505
268,18,555
268,19,260
269,7,559
269,8,649
269,9,599
269,10,608
269,17,580
269,18,213
269,19,677
270,7,460
270,8,440
270,9,548
270,10,279
270,17,506
270,18,295
270,19,565
271,7,410
271,8,361
271,9,518
271,10,505
271,17,242
271,18,441
271,19,415
272,7,200
272,8,343
272,9,589
272,10,111
272,17,338
272,18,660
272,19,141
273,7,693
273,8,528
273,9,257
273,10,315
273,17,561
273,18,233
273,19,166
274,7,106
274,8,625
274,9,172
274,10,498
274,17,504
274,18,677
274,19,229
275,7,565
275,8,305
275,9,365
275,10,636
275,17,352
275,18,388
275,19,263
276,7,194
276,8,209
276,9,435
276,10,337
276,17,480
276,18,535
276,19,582
277,7,124
277,8,216
277,9,581
277,10,491
277,17,636
277,18,178
277,19,679
278,7,272
278,8,111
278,9,227
278,10,191
278,17,642
278,18,631
278,19,546
279,7,489
279,8,142
279,9,353
279,10,229
279,17,159
279,18,566
279,19,386
280,7,616
280,8,566
280,9,444
280,10,481
280,17,352
280,18,155
280,19,562
281,7,556
281,8,182
281,9,198
281,10,248
281,17,428
281,18,255
281,19,289
282,7,593
282,8,362
282,9,179
282,10,499
282,17,359
282,18,651
282,19,200
283,7,458
283,8,479
283,9,320
283,10,519
283,17,223
283,18,521
283,19,330
284,7,162
284,8,584
284,9,673
284,10,582
284,17,618
284,18,254
284,19,191
285,7,625
285,8,554
285,9,697
285,10,609
285,17,282
285,18,485
285,19,673
286,7,504
286,8,345
286,9,690
286,10,570
286,17,522
286,18,164
286,19,112
287,7,312
287,8,341
287,9,592
287,10,312
287,17,437
287,18,272
287,19,263
288,7,564
288,8,596
288,9,494
288,10,407
288,17,282
288,18,609
288,19,645
289,7,663
289,8,693
289,9,326
289,10,535
289,17,521
289,18,653
289,19,120
290,7,653
290,8,496
290,9,204
290,10,291
290,17,116
290,18,219
290,19,492
291,7,524
291,8,228
291,9,229
291,10,671
291,17,659
291,18,128
291,19,196
292,7,109
292,8,341
292,9,331
292,10,383
292,17,299
292,18,178
292,19,272
293,7,566
293,8,680
293,9,515
293,10,548
293,17,186
293,18,200
293,19,107
294,7,299
294,8,604
294,9,186
294,10,142
294,17,484
294,18,534
294,19,507
295,7,582
295,8,116
295,9,247
295,10,376
295,17,331
295,18,465
295,19,327
296,7,535
296,8,498
296,9,310
296,10,490
296,17,598
296,18,639
296,19,662
297,7,590
297,8,541
297,9,360
297,10,449
297,17,451
297,18,619
297,19,419
298,7,237
298,8,649
298,9,467
298,10,319
298,17,436
298,18,322
298,19,459
299,7,428
299,8,562
299,9,660
299,10,481
299,17,689
299,18,268
299,19,316
300,7,477
300,8,218
300,9,289
300,10,469
300,17,248
300,18,587
300,19,473
301,7,259
301,8,450
301,9,387
301,10,387
301,17,325
301,18,622
301,19,621
302,7,372
302,8,501
302,9,282
302,10,587
302,17,223
302,18,513
302,19,271
303,7,387
303,8,534
303,9,212
303,10,221
303,17,643
303,18,321
303,19,138
304,7,596
304,8,332
304,9,629
304,10,248
304,17,496
304,18,401
304,19,459
305,7,337
305,8,335
305,9,302
305,10,355
305,17,697
305,18,334
305,19,444
306,7,633
306,8,565
306,9,640
306,10,312
306,17,562
306,18,535
306,19,382
307,7,661
307,8,562
307,9,506
307,10,187
307,17,143
307,18,560
307,19,377
308,7,520
308,8,452
308,9,614
308,10,118
308,17,122
308,18,512
308,19,129
309,7,207
309,8,466
309,9,380
309,10,227
309,17,328
309,18,210
309,19,235
310,7,461
310,8,285
310,9,683
310,10,228
310,17,360
310,18,614
310,19,548
311,7,203
311,8,582
311,9,323
311,10,590
311,17,572
311,18,109
311,19,504
312,7,401
312,8,330
312,9,165
312,10,211
312,17,112
312,18,492
312,19,599
313,7,697
313,8,333
313,9,413
313,10,665
313,17,111
313,18,308
313,19,113
314,7,517
314,8,536
314,9,476
314,10,119
314,17,686
314,18,169
314,19,310
315,7,200
315,8,231
315,9,480
315,10,231
315,17,119
315,18,635
315,19,326
316,7,253
316,8,568
316,9,504
316,10,301
316,17,137
316,18,287
316,19,156
317,7,119
317,8,372
317,9,218
317,10,682
317,17,615
317,18,320
317,19,625
318,7,614
318,8,435
318,9,154
318,10,599
318,17,635
318,18,261
318,19,693
319,7,258
319,8,287
319,9,159
319,10,418
319,17,310
319,18,505
319,19,208
320,7,175
320,8,641
320,9,413
320,10,216
320,17,118
320,18,531
320,19,449
321,7,282
321,8,212
321,9,282
321,10,580
321,17,245
321,18,212
321,19,575
322,7,402
322,8,217
322,9,260
322,10,500
322,17,297
322,18,359
322,19,146
323,7,498
323,8,658
323,9,177
323,10,223
323,17,174
323,18,236
323,19,499
324,7,604
324,8,599
324,9,672
324,10,237
324,17,149
324,18,353
324,19,662
325,7,525
325,8,646
325,9,401
325,10,680
325,17,448
325,18,148
325,19,173
326,7,360
326,8,455
326,9,681
326,10,359
326,17,394
326,18,412
326,19,281
327,7,463
327,8,287
327,9,668
327,10,642
327,17,695
327,18,647
327,19,507
328,7,513
328,8,441
328,9,319
328,10,262
328,17,319
328,18,369
328,19,499
329,7,281
329,8,304
329,9,681
329,10,655
329,17,327
329,18,695
329,19,349
330,7,540
330,8,632
330,9,295
330,10,618
330,17,169
330,18,498
330,19,302
331,7,247
331,8,571
331,9,298
331,10,525
331,17,591
331,18,241
331,19,412
332,7,264
332,8,413
332,9,120
332,10,181
332,17,680
332,18,230
332,19,698
333,7,404
333,8,470
333,9,483
333,10,544
333,17,524
333,18,260
333,19,277
334,7,589
334,8,426
334,9,697
334,10,388
334,17,692
334,18,672
334,19,672
335,7,453
335,8,127
335,9,142
335,10,522
335,17,697
335,18,276
335,19,628
336,7,593
336,8,297
336,9,676
336,10,616
336,17,613
336,18,121
336,19,211
337,7,156
337,8,165
337,9,197
337,10,243
337,17,534
337,18,185
337,19,687
338,7,443
338,8,393
338,9,670
338,10,342
338,17,660
338,18,131
338,19,490
339,7,376
339,8,631
339,9,253
339,10,482
339,17,167
339,18,313
339,19,475
340,7,312
340,8,178
340,9,480
340,10,157
340,17,125
340,18,546
340,19,165
341,7,353
341,8,143
341,9,196
341,10,653
341,17,326
341,18,535
341,19,478
342,7,277
342,8,526
342,9,406
342,10,603
342,17,367
342,18,685
342,19,107
343,7,607
343,8,575
343,9,396
343,10,263
343,17,584
343,18,696
343,19,171
344,7,666
344,8,658
344,9,337
344,10,203
344,17,309
344,18,653
344,19,567
345,7,553
345,8,367
345,9,485
345,10,486
345,17,358
345,18,382
345,19,139
346,7,585
346,8,319
346,9,228
346,10,619
346,17,359
346,18,465
346,19,643
347,7,623
347,8,115
347,9,228
347,10,674
347,17,208
347,18,632
347,19,368
348,7,261
348,8,359
348,9,201
348,10,605
348,17,670
348,18,346
348,19,636
349,7,230
349,8,452
349,9,295
349,10,481
349,17,326
349,18,575
349,19,576
350,7,364
350,8,471
350,9,585
350,10,533
350,17,310
350,18,671
350,19,476
351,7,494
351,8,549
351,9,463
351,10,556
351,17,325
351,18,230
351,19,687
352,7,575
352,8,376
352,9,255
352,10,317
352,17,289
352,18,516
352,19,645
353,7,140
353,8,406
353,9,437
353,10,413
353,17,174
353,18,378
353,19,275
354,7,372
354,8,388
354,9,371
354,10,165
354,17,582
354,18,347
354,19,255
355,7,146
355,8,553
355,9,300
355,10,223
355,17,100
355,18,290
355,19,678
356,7,615
356,8,541
356,9,242
356,10,290
356,17,632
356,18,326
356,19,412
357,7,401
357,8,559
357,9,500
357,10,650
357,17,492
357,18,306
357,19,309
358,7,214
358,8,350
358,9,318
358,10,506
358,17,542
358,18,453
358,19,657
359,7,649
359,8,241
359,9,600
359,10,646
359,17,641
359,18,606
359,19,695
360,7,380
360,8,523
360,9,369
360,10,253
360,17,182
360,18,525
360,19,374
361,7,383
361,8,272
361,9,426
361,10,162
361,17,172
361,18,474
361,19,607
362,7,497
362,8,219
362,9,536
362,10,564
362,17,385
362,18,364
362,19,419
363,7,475
363,8,188
363,9,302
363,10,433
363,17,321
363,18,140
363,19,167
364,7,613
364,8,697
364,9,226
364,10,354
364,17,115
364,18,576
364,19,161
365,7,531
365,8,367
365,9,134
365,10,675
365,17,593
365,18,661
365,19,568
366,7,424
366,8,403
366,9,375
366,10,300
366,17,544
366,18,423
366,19,134
367,7,581
367,8,579
367,9,164
367,10,107
367,17,400
367,18,442
367,19,530
368,7,523
368,8,431
368,9,537
368,10,687
368,17,273
368,18,658
368,19,626
369,7,125
369,8,505
369,9,331
369,10,632
369,17,649
369,18,604
369,19,278
370,7,231
370,8,554
370,9,447
370,10,639
370,17,505
370,18,175
370,19,678
371,7,591
371,8,293
371,9,261
371,10,446
371,17,460
371,18,683
371,19,186
372,7,361
372,8,313
372,9,672
372,10,361
372,17,382
372,18,566
372,19,479
373,7,461
373,8,548
373,9,540
373,10,192
373,17,523
373,18,241
373,19,390
374,7,531
374,8,148
374,9,401
374,10,289
374,17,235
374,18,654
374,19,503
375,7,440
375,8,417
375,9,462
375,10,481
375,17,332
375,18,443
375,19,648
376,7,652
376,8,628
376,9,670
376,10,282
376,17,140
376,18,650
376,19,496
377,7,593
377,8,432
377,9,226
377,10,657
377,17,656
377,18,100
377,19,267
378,7,118
378,8,431
378,9,683
378,10,555
378,17,208
378,18,367
378,19,544
379,7,339
379,8,400
379,9,202
379,10,349
379,17,552
379,18,619
379,19,252
380,7,273
380,8,442
380,9,530
380,10,423
380,17,519
380,18,693
380,19,584
381,7,511
381,8,183
381,9,212
381,10,431
381,17,477
381,18,140
381,19,204
382,7,301
382,8,549
382,9,365
382,10,309
382,17,662
382,18,217
382,19,476
383,7,650
383,8,639
383,9,183
383,10,553
383,17,613
383,18,486
383,19,449
384,7,395
384,8,357
384,9,180
384,10,367
384,17,518
384,18,334
384,19,410
385,7,456
385,8,312
385,9,673
385,10,148
385,17,226
385,18,322
385,19,378
386,7,507
386,8,604
386,9,393
386,10,376
386,17,537
386,18,206
386,19,519
387,7,528
387,8,474
387,9,172
387,10,129
387,17,287
387,18,463
387,19,550
388,7,294
388,8,255
388,9,271
388,10,140
388,17,162
388,18,122
388,19,459
389,7,174
389,8,659
389,9,217
389,10,479
389,17,389
389,18,539
389,19,106
390,7,295
390,8,520
390,9,667
390,10,292
390,17,658
390,18,247
390,19,301
391,7,543
391,8,518
391,9,526
391,10,578
391,17,574
391,18,225
391,19,494
392,7,675
392,8,424
392,9,491
392,10,539
392,17,303
392,18,585
392,19,130
393,7,487
393,8,533
393,9,475
393,10,443
393,17,542
393,18,678
393,19,174
394,7,656
394,8,254
394,9,529
394,10,462
394,17,547
394,18,333
394,19,662
395,7,361
395,8,224
395,9,344
395,10,641
395,17,584
395,18,221
395,19,224
396,7,648
396,8,269
396,9,223
396,10,134
396,17,186
396,18,300
396,19,468
397,7,176
397,8,158
397,9,530
397,10,599
397,17,208
397,18,377
397,19,167
398,7,168
398,8,264
398,9,588
398,10,404
398,17,464
398,18,478
398,19,442
399,7,653
399,8,453
399,9,515
399,10,208
399,17,662
399,18,596
399,19,440
400,7,482
400,8,632
400,9,399
400,10,238
400,17,458
400,18,598
400,19,484
401,7,379
401,8,582
401,9,210
401,10,238
401,17,534
401,18,608
401,19,372
402,7,198
402,8,203
402,9,313
402,10,264
402,17,619
402,18,383
402,19,616
403,7,263
403,8,163
403,9,190
403,10,216
403,17,366
403,18,658
403,19,239
404,7,345
404,8,494
404,9,586
404,10,575
404,17,616
404,18,283
404,19,119
405,7,657
405,8,623
405,9,681
405,10,628
405,17,246
405,18,403
405,19,681
406,7,327
406,8,201
406,9,686
406,10,516
406,17,315
406,18,506
406,19,498
407,7,598
407,8,564
407,9,181
407,10,464
407,17,262
407,18,147
407,19,610
408,7,428
408,8,215
408,9,436
408,10,246
408,17,674
408,18,422
408,19,542
409,7,112
409,8,593
409,9,386
409,10,213
409,17,579
409,18,121
409,19,448
410,7,665
410,8,419
410,9,225
410,10,376
410,17,303
410,18,293
410,19,646
411,7,385
411,8,156
411,9,402
411,10,262
411,17,118
411,18,469
411,19,363
412,7,212
412,8,587
412,9,426
412,10,641
412,17,678
412,18,164
412,19,391
413,7,124
413,8,648
413,9,100
413,10,648
413,17,240
413,18,287
413,19,227
414,7,300
414,8,226
414,9,356
414,10,646
414,17,293
414,18,203
414,19,634
415,7,364
415,8,483
415,9,359
415,10,513
415,17,457
415,18,174
415,19,454
416,7,683
416,8,287
416,9,389
416,10,144
416,17,672
416,18,182
416,19,222
417,7,457
417,8,627
417,9,165
417,10,474
417,17,261
417,18,479
417,19,457
418,7,287
418,8,421
418,9,549
418,10,573
418,17,112
418,18,283
418,19,210
419,7,607
419,8,389
419,9,394
419,10,550
419,17,314
419,18,666
419,19,126
420,7,330
420,8,664
420,9,420
420,10,332
420,17,536
420,18,632
420,19,502
421,7,152
421,8,412
421,9,380
421,10,130
421,17,436
421,18,282
421,19,122
422,7,643
422,8,545
422,9,173
422,10,109
422,17,583
422,18,555
422,19,665
423,7,663
423,8,259
423,9,113
423,10,277
423,17,511
423,18,152
423,19,507
424,7,121
424,8,129
424,9,359
424,10,304
424,17,158
424,18,570
424,19,565
425,7,111
425,8,389
425,9,453
425,10,174
425,17,660
425,18,690
425,19,540
426,7,340
426,8,253
426,9,195
426,10,393
426,17,308
426,18,442
426,19,187
427,7,489
427,8,424
427,9,256
427,10,676
427,17,236
427,18,527
427,19,551
428,7,240
428,8,182
428,9,276
428,10,297
428,17,667
428,18,520
428,19,500
429,7,570
429,8,317
429,9,274
429,10,122
429,17,334
429,18,112
429,19,200
430,7,635
430,8,622
430,9,551
430,10,530
430,17,632
430,18,392
430,19,200
431,7,601
431,8,403
431,9,639
431,10,652
431,17,454
431,18,402
431,19,595
432,7,326
432,8,335
432,9,554
432,10,112
432,17,309
432,18,496
432,19,199
433,7,130
433,8,627
433,9,428
433,10,265
433,17,558
433,18,199
433,19,272
434,7,261
434,8,362
434,9,373
434,10,102
434,17,127
434,18,425
434,19,248
435,7,639
435,8,587
435,9,537
435,10,164
435,17,455
435,18,632
435,19,351
436,7,334
436,8,326
436,9,624
436,10,412
436,17,148
436,18,217
436,19,153
437,7,664
437,8,143
437,9,152
437,10,685
437,17,657
437,18,624
437,19,201
438,7,497
438,8,237
438,9,486
438,10,210
438,17,116
438,18,281
438,19,635
439,7,640
439,8,270
439,9,508
439,10,477
439,17,287
439,18,329
439,19,218
440,7,255
440,8,564
440,9,203
440,10,601
440,17,274
440,18,520
440,19,233
441,7,490
441,8,600
441,9,132
441,10,154
441,17,618
441,18,111
441,19,627
442,7,654
442,8,472
442,9,583
442,10,327
442,17,406
442,18,556
442,19,259
443,7,430
443,8,324
443,9,603
443,10,555
443,17,144
443,18,313
443,19,158
444,7,294
444,8,588
444,9,256
444,10,325
444,17,511
444,18,304
444,19,178
445,7,223
445,8,570
445,9,317
445,10,615
445,17,203
445,18,492
445,19,533
446,7,430
446,8,242
446,9,639
446,10,377
446,17,332
446,18,628
446,19,670
447,7,189
447,8,591
447,9,298
447,10,461
447,17,540
447,18,125
447,19,124
448,7,493
448,8,606
448,9,400
448,10,438
448,17,366
448,18,560
448,19,555
449,7,459
449,8,167
449,9,511
449,10,590
449,17,148
449,18,663
449,19,201
450,7,315
450,8,537
450,9,668
450,10,658
450,17,258
450,18,588
450,19,341
451,7,104
451,8,695
451,9,460
451,10,558
451,17,347
451,18,665
451,19,521
452,7,114
452,8,672
452,9,221
452,10,376
452,17,657
452,18,552
452,19,489
453,7,393
453,8,673
453,9,697
453,10,545
453,17,309
453,18,689
453,19,401
454,7,322
454,8,102
454,9,617
454,10,192
454,17,619
454,18,527
454,19,592
455,7,334
455,8,260
455,9,430
455,10,432
455,17,149
455,18,622
455,19,591
456,7,681
456,8,371
456,9,679
456,10,351
456,17,659
456,18,189
456,19,545
457,7,431
457,8,238
457,9,456
457,10,373
457,17,118
457,18,410
457,19,253
458,7,489
458,8,359
458,9,670
458,10,224
458,17,453
458,18,372
458,19,344
459,7,549
459,8,346
459,9,619
459,10,240
459,17,461
459,18,107
459,19,577
460,7,451
460,8,594
460,9,526
460,10,138
460,17,692
460,18,286
460,19,695
461,7,699
461,8,192
461,9,185
461,10,143
461,17,236
461,18,520
461,19,173
462,7,647
462,8,611
462,9,255
462,10,354
462,17,270
462,18,269
462,19,421
463,7,666
463,8,555
463,9,254
463,10,448
463,17,550
463,18,272
463,19,109
464,7,364
464,8,537
464,9,346
464,10,645
464,17,598
464,18,228
464,19,426
465,7,503
465,8,458
465,9,116
465,10,373
465,17,215
465,18,190
465,19,181
466,7,423
466,8,213
466,9,157
466,10,253
466,17,503
466,18,365
466,19,414
467,7,140
467,8,204
467,9,292
467,10,500
467,17,377
467,18,453
467,19,679
468,7,355
468,8,198
468,9,687
468,10,381
468,17,502
468,18,208
468,19,298
469,7,402
469,8,426
469,9,253
469,10,651
469,17,504
469,18,561
469,19,231
470,7,183
470,8,498
470,9,208
470,10,320
470,17,652
470,18,467
470,19,246
471,7,211
471,8,657
471,9,593
471,10,604
471,17,574
471,18,370
471,19,520
472,7,466
472,8,379
472,9,382
472,10,139
472,17,288
472,18,263
472,19,635
473,7,635
473,8,103
473,9,389
473,10,532
473,17,570
473,18,280
473,19,347
474,7,378
474,8,680
474,9,353
474,10,280
474,17,608
474,18,665
474,19,425
475,7,456
475,8,490
475,9,184
475,10,416
475,17,311
475,18,614
475,19,483
476,7,441
476,8,137
476,9,610
476,10,519
476,17,268
476,18,442
476,19,405
477,7,641
477,8,636
477,9,211
477,10,510
477,17,305
477,18,284
477,19,481
478,7,595
478,8,478
478,9,146
478,10,650
478,17,627
478,18,603
478,19,121
479,7,312
479,8,409
479,9,371
479,10,670
479,17,301
479,18,131
479,19,542
480,7,261
480,8,353
480,9,620
480,10,579
480,17,109
480,18,604
480,19,659
481,7,535
481,8,210
481,9,252
481,10,201
481,17,290
481,18,662
481,19,180
482,7,588
482,8,187
482,9,293
482,10,203
482,17,195
482,18,522
482,19,297
483,7,100
483,8,506
483,9,477
483,10,266
483,17,608
483,18,412
483,19,692
484,7,517
484,8,576
484,9,172
484,10,240
484,17,681
484,18,361
484,19,439
485,7,407
485,8,344
485,9,614
485,10,436
485,17,674
485,18,660
485,19,175
486,7,274
486,8,208
486,9,282
486,10,291
486,17,164
486,18,573
486,19,199
487,7,643
487,8,227
487,9,551
487,10,468
487,17,142
487,18,518
487,19,587
488,7,177
488,8,369
488,9,414
488,10,267
488,17,438
488,18,292
488,19,552
489,7,382
489,8,435
489,9,489
489,10,624
489,17,339
489,18,582
489,19,691
490,7,654
490,8,557
490,9,188
490,10,194
490,17,551
490,18,527
490,19,250
491,7,613
491,8,475
491,9,121
491,10,412
491,17,618
491,18,305
491,19,474
492,7,550
492,8,694
492,9,278
492,10,309
492,17,599
492,18,563
492,19,223
493,7,212
493,8,111
493,9,225
493,10,664
493,17,430
493,18,382
493,19,239
494,7,500
494,8,196
494,9,616
494,10,668
494,17,168
494,18,217
494,19,158
495,7,132
495,8,417
495,9,149
495,10,588
495,17,118
495,18,296
495,19,549
496,7,658
496,8,551
496,9,388
496,10,240
496,17,183
496,18,490
496,19,690
497,7,314
497,8,625
497,9,314
497,10,502
497,17,227
497,18,576
497,19,503
498,7,128
498,8,437
498,9,460
498,10,668
498,17,491
498,18,317
498,19,673
499,7,301
499,8,116
499,9,421
499,10,617
499,17,669
499,18,424
499,19,511
500,7,417
500,8,181
500,9,573
500,10,567
500,17,524
500,18,303
500,19,682
501,7,486
501,8,197
501,9,444
501,10,307
501,17,613
501,18,685
501,19,265
502,7,121
502,8,253
502,9,538
502,10,394
502,17,318
502,18,594
502,19,329
503,7,119
503,8,652
503,9,247
503,10,207
503,17,502
503,18,695
503,19,582
504,7,466
504,8,513
504,9,408
504,10,233
504,17,382
504,18,172
504,19,580
505,7,451
505,8,659
505,9,425
505,10,542
505,17,199
505,18,158
505,19,607
506,7,357
506,8,512
506,9,551
506,10,164
506,17,694
506,18,253
506,19,365
507,7,178
507,8,414
507,9,659
507,10,347
507,17,513
507,18,124
507,19,383
508,7,548
508,8,400
508,9,167
508,10,106
508,17,236
508,18,263
508,19,182
509,7,519
509,8,172
509,9,336
509,10,145
509,17,361
509,18,275
509,19,265
510,7,469
510,8,153
510,9,518
510,10,606
510,17,440
510,18,226
510,19,508
511,7,466
511,8,370
511,9,478
511,10,172
511,17,347
511,18,142
511,19,476
512,7,140
512,8,269
512,9,311
512,10,592
512,17,138
512,18,468
512,19,250
513,7,210
513,8,579
513,9,535
513,10,146
513,17,674
513,18,465
513,19,168
514,7,398
514,8,395
514,9,302
514,10,160
514,17,413
514,18,260
514,19,430
515,7,627
515,8,437
515,9,403
515,10,602
515,17,437
515,18,649
515,19,374
516,7,263
516,8,542
516,9,418
516,10,688
516,17,603
516,18,486
516,19,593
517,7,589
517,8,172
517,9,608
517,10,489
517,17,394
517,18,468
517,19,648
518,7,667
518,8,286
518,9,544
518,10,669
518,17,462
518,18,222
518,19,287
519,7,519
519,8,351
519,9,648
519,10,434
519,17,191
519,18,629
519,19,162
520,7,611
520,8,238
520,9,284
520,10,304
520,17,313
520,18,355
520,19,234
521,7,672
521,8,187
521,9,306
521,10,228
521,17,102
521,18,220
521,19,484
522,7,137
522,8,440
522,9,120
522,10,341
522,17,554
522,18,402
522,19,695
523,7,694
523,8,168
523,9,228
523,10,295
523,17,239
523,18,543
523,19,382
524,7,411
524,8,634
524,9,376
524,10,160
524,17,418
524,18,151
524,19,252
525,7,410
525,8,643
525,9,666
525,10,488
525,17,647
525,18,276
525,19,461
526,7,413
526,8,196
526,9,312
526,10,236
526,17,105
526,18,208
526,19,646
527,7,138
527,8,524
527,9,360
527,10,525
527,17,186
527,18,564
527,19,175
528,7,570
528,8,513
528,9,556
528,10,384
528,17,338
528,18,698
528,19,657
529,7,471
529,8,594
529,9,144
529,10,500
529,17,346
529,18,696
529,19,549
530,7,584
530,8,117
530,9,388
530,10,513
530,17,334
530,18,515
530,19,598
531,7,214
531,8,333
531,9,639
531,10,110
531,17,305
531,18,346
531,19,658
532,7,226
532,8,246
532,9,217
532,10,481
532,17,511
532,18,683
532,19,462
533,7,608
533,8,236
533,9,274
533,10,388
533,17,580
533,18,118
533,19,294
534,7,429
534,8,274
534,9,548
534,10,453
534,17,598
534,18,240
534,19,192
535,7,338
535,8,304
535,9,659
535,10,532
535,17,344
535,18,416
535,19,394
536,7,381
536,8,116
536,9,170
536,10,368
536,17,424
536,18,404
536,19,550
537,7,106
537,8,413
537,9,202
537,10,292
537,17,673
537,18,628
537,19,270
538,7,636
538,8,350
538,9,486
538,10,306
538,17,640
538,18,515
538,19,479
539,7,243
539,8,124
539,9,172
539,10,192
539,17,604
539,18,697
539,19,435
540,7,524
540,8,598
540,9,463
540,10,298
540,17,512
540,18,438
540,19,528
541,7,238
541,8,641
541,9,156
541,10,331
541,17,534
541,18,483
541,19,659
542,7,293
542,8,633
542,9,617
542,10,284
542,17,391
542,18,434
542,19,215
543,7,148
543,8,181
543,9,432
543,10,656
543,17,434
543,18,631
543,19,320
544,7,422
544,8,102
544,9,305
544,10,139
544,17,158
544,18,673
544,19,606
545,7,671
545,8,221
545,9,578
545,10,195
545,17,513
545,18,334
545,19,161
546,7,355
546,8,660
546,9,447
546,10,223
546,17,581
546,18,416
546,19,603
547,7,147
547,8,508
547,9,235
547,10,300
547,17,349
547,18,413
547,19,467
548,7,528
548,8,579
548,9,413
548,10,599
548,17,454
548,18,584
548,19,310
549,7,143
549,8,640
549,9,670
549,10,682
549,17,191
549,18,364
549,19,319
550,7,541
550,8,500
550,9,499
550,10,675
550,17,589
550,18,584
550,19,569
551,7,673
551,8,544
551,9,368
551,10,366
551,17,153
551,18,627
551,19,619
552,7,158
552,8,139
552,9,336
552,10,485
552,17,399
552,18,494
552,19,306
553,7,435
553,8,692
553,9,613
553,10,277
553,17,495
553,18,470
553,19,417
554,7,468
554,8,483
554,9,161
554,10,604
554,17,338
554,18,294
554,19,321
555,7,160
555,8,228
555,9,255
555,10,477
555,17,685
555,18,536
555,19,306
556,7,487
556,8,579
556,9,439
556,10,439
556,17,303
556,18,260
556,19,639
557,7,491
557,8,674
557,9,633
557,10,169
557,17,504
557,18,690
557,19,616
558,7,219
558,8,316
558,9,155
558,10,465
558,17,603
558,18,554
558,19,203
559,7,176
559,8,329
559,9,357
559,10,363
559,17,430
559,18,281
559,19,649
560,7,126
560,8,375
560,9,398
560,10,190
560,17,579
560,18,672
560,19,557
561,7,550
561,8,464
561,9,450
561,10,499
561,17,352
561,18,558
561,19,598
562,7,607
562,8,403
562,9,600
562,10,697
562,17,265
562,18,514
562,19,561
563,7,213
563,8,532
563,9,455
563,10,306
563,17,334
563,18,541
563,19,454
564,7,614
564,8,307
564,9,224
564,10,237
564,17,438
564,18,636
564,19,167
565,7,672
565,8,640
565,9,482
565,10,118
565,17,549
565,18,173
565,19,672
566,7,375
566,8,147
566,9,310
566,10,639
566,17,290
566,18,414
566,19,662
567,7,661
567,8,212
567,9,269
567,10,567
567,17,113
567,18,387
567,19,288
568,7,254
568,8,666
568,9,570
568,10,174
568,17,376
568,18,442
568,19,524
569,7,670
569,8,610
569,9,281
569,10,557
569,17,163
569,18,359
569,19,292
570,7,505
570,8,192
570,9,529
570,10,533
570,17,503
570,18,533
570,19,211
571,7,474
571,8,158
571,9,142
571,10,306
571,17,395
571,18,217
571,19,631
572,7,321
572,8,265
572,9,255
572,10,283
572,17,189
572,18,193
572,19,112
573,7,537
573,8,637
573,9,686
573,10,249
573,17,107
573,18,128
573,19,395
574,7,439
574,8,538
574,9,243
574,10,618
574,17,144
574,18,338
574,19,254
575,7,280
575,8,314
575,9,187
575,10,355
575,17,610
575,18,172
575,19,278
576,7,311
576,8,333
576,9,564
576,10,322
576,17,363
576,18,306
576,19,465
577,7,375
577,8,479
577,9,408
577,10,367
577,17,163
577,18,449
577,19,593
578,7,622
578,8,197
578,9,170
578,10,463
578,17,669
578,18,375
578,19,149
579,7,457
579,8,663
579,9,584
579,10,183
579,17,683
579,18,395
579,19,335
580,7,155
580,8,459
580,9,209
580,10,291
580,17,192
580,18,667
580,19,159
581,7,138
581,8,639
581,9,148
581,10,519
581,17,112
581,18,135
581,19,200
582,7,185
582,8,615
582,9,322
582,10,437
582,17,265
582,18,482
582,19,475
583,7,570
583,8,130
583,9,474
583,10,110
583,17,401
583,18,195
583,19,289
584,7,552
584,8,291
584,9,585
584,10,365
584,17,523
584,18,227
584,19,337
585,7,454
585,8,211
585,9,545
585,10,442
585,17,244
585,18,164
585,19,346
586,7,589
586,8,538
586,9,205
586,10,280
586,17,283
586,18,325
586,19,188
587,7,629
587,8,470
587,9,498
587,10,205
587,17,370
587,18,602
587,19,624
588,7,131
588,8,492
588,9,139
588,10,317
588,17,181
588,18,300
588,19,546
589,7,527
589,8,137
589,9,310
589,10,543
589,17,426
589,18,326
589,19,147
590,7,117
590,8,538
590,9,286
590,10,444
590,17,323
590,18,587
590,19,328
591,7,489
591,8,688
591,9,287
591,10,369
591,17,409
591,18,231
591,19,650
592,7,171
592,8,286
592,9,585
592,10,290
592,17,521
592,18,219
592,19,319
593,7,152
593,8,550
593,9,511
593,10,336
593,17,505
593,18,521
593,19,346
594,7,171
594,8,284
594,9,105
594,10,305
594,17,643
594,18,486
594,19,175
595,7,276
595,8,448
595,9,354
595,10,407
595,17,444
595,18,226
595,19,386
596,7,695
596,8,586
596,9,482
596,10,505
596,17,487
596,18,624
596,19,656
597,7,375
597,8,599
597,9,436
597,10,580
597,17,372
597,18,157
597,19,427
598,7,208
598,8,378
598,9,427
598,10,414
598,17,573
598,18,210
598,19,328
599,7,596
599,8,255
599,9,572
599,10,371
599,17,101
599,18,610
599,19,385
600,7,112
600,8,597
600,9,337
600,10,193
600,17,437
600,18,270
600,19,666
601,7,566
601,8,242
601,9,300
601,10,279
601,17,463
601,18,578
601,19,664
602,7,570
602,8,483
602,9,516
602,10,407
602,17,466
602,18,100
602,19,143
603,7,197
603,8,364
603,9,239
603,10,580
603,17,336
603,18,171
603,19,289
604,7,367
604,8,420
604,9,206
604,10,331
604,17,141
604,18,238
604,19,372
605,7,580
605,8,515
605,9,605
605,10,523
605,17,506
605,18,667
605,19,489
606,7,441
606,8,592
606,9,291
606,10,598
606,17,332
606,18,326
606,19,470
607,7,238
607,8,248
607,9,214
607,10,549
607,17,162
607,18,203
607,19,372
608,7,105
608,8,246
608,9,283
608,10,127
608,17,649
608,18,218
608,19,392
609,7,470
609,8,343
609,9,679
609,10,317
609,17,276
609,18,398
609,19,157
610,7,368
610,8,407
610,9,669
610,10,387
610,17,204
610,18,327
610,19,346
611,7,593
611,8,182
611,9,285
611,10,351
611,17,454
611,18,309
611,19,546
612,7,559
612,8,571
612,9,469
612,10,591
612,17,236
612,18,466
612,19,283
613,7,687
613,8,386
613,9,571
613,10,474
613,17,636
613,18,610
613,19,678
614,7,349
614,8,609
614,9,172
614,10,381
614,17,459
614,18,109
614,19,310
615,7,251
615,8,104
615,9,294
615,10,382
615,17,563
615,18,212
615,19,370
616,7,262
616,8,559
616,9,204
616,10,655
616,17,381
616,18,261
616,19,450
617,7,533
617,8,239
617,9,570
617,10,231
617,17,186
617,18,282
617,19,467
618,7,228
618,8,345
618,9,677
618,10,477
618,17,248
618,18,532
618,19,568
619,7,545
619,8,580
619,9,393
619,10,242
619,17,349
619,18,401
619,19,124
620,7,169
620,8,211
620,9,463
620,10,402
620,17,570
620,18,190
620,19,629
621,7,291
621,8,651
621,9,341
621,10,237
621,17,444
621,18,279
621,19,602
622,7,302
622,8,672
622,9,291
622,10,104
622,17,336
622,18,410
622,19,648
623,7,155
623,8,542
623,9,336
623,10,296
623,17,684
623,18,670
623,19,613
624,7,548
624,8,459
624,9,129
624,10,207
624,17,544
624,18,537
624,19,556
625,7,594
625,8,346
625,9,642
625,10,663
625,17,687
625,18,538
625,19,377
626,7,651
626,8,210
626,9,484
626,10,290
626,17,589
626,18,525
626,19,504
627,7,434
627,8,308
627,9,121
627,10,307
627,17,107
627,18,628
627,19,265
628,7,595
628,8,689
628,9,528
628,10,262
628,17,465
628,18,625
628,19,338
629,7,171
629,8,544
629,9,608
629,10,368
629,17,514
629,18,344
629,19,159
630,7,105
630,8,669
630,9,506
630,10,316
630,17,125
630,18,104
630,19,631
631,7,489
631,8,670
631,9,547
631,10,245
631,17,487
631,18,348
631,19,625
632,7,561
632,8,112
632,9,483
632,10,655
632,17,498
632,18,118
632,19,674
633,7,590
633,8,518
633,9,436
633,10,518
633,17,221
633,18,531
633,19,143
634,7,416
634,8,480
634,9,244
634,10,426
634,17,462
634,18,149
634,19,164
635,7,454
635,8,263
635,9,240
635,10,227
635,17,497
635,18,562
635,19,286
636,7,289
636,8,487
636,9,528
636,10,383
636,17,336
636,18,293
636,19,386
637,7,235
637,8,270
637,9,258
637,10,300
637,17,586
637,18,656
637,19,682
638,7,603
638,8,470
638,9,202
638,10,224
638,17,412
638,18,557
638,19,329
639,7,296
639,8,522
639,9,671
639,10,270
639,17,481
639,18,272
639,19,552
640,7,449
640,8,593
640,9,103
640,10,192
640,17,105
640,18,387
640,19,245
641,7,523
641,8,556
641,9,301
641,10,311
641,17,105
641,18,475
641,19,546
642,7,205
642,8,500
642,9,195
642,10,487
642,17,551
642,18,515
642,19,603
643,7,553
643,8,390
643,9,633
643,10,292
643,17,249
643,18,614
643,19,492
644,7,415
644,8,175
644,9,698
644,10,369
644,17,324
644,18,629
644,19,212
645,7,350
645,8,332
645,9,182
645,10,224
645,17,274
645,18,168
645,19,146
646,7,355
646,8,129
646,9,380
646,10,336
646,17,347
646,18,467
646,19,594
647,7,124
647,8,685
647,9,589
647,10,593
647,17,413
647,18,474
647,19,124
648,7,433
648,8,454
648,9,215
648,10,147
648,17,198
648,18,558
648,19,622
649,7,696
649,8,504
649,9,313
649,10,602
649,17,547
649,18,675
649,19,357
650,7,220
650,8,153
650,9,430
650,10,340
650,17,629
650,18,582
650,19,286
651,7,361
651,8,463
651,9,590
651,10,530
651,17,338
651,18,403
651,19,397
652,7,175
652,8,432
652,9,573
652,10,382
652,17,690
652,18,171
652,19,362
653,7,674
653,8,111
653,9,240
653,10,654
653,17,116
653,18,162
653,19,352
654,7,564
654,8,475
654,9,619
654,10,189
654,17,274
654,18,175
654,19,499
655,7,170
655,8,279
655,9,223
655,10,480
655,17,392
655,18,294
655,19,327
656,7,530
656,8,535
656,9,560
656,10,120
656,17,163
656,18,264
656,19,126
657,7,410
657,8,384
657,9,380
657,10,263
657,17,323
657,18,245
657,19,129
658,7,144
658,8,570
658,9,133
658,10,526
658,17,320
658,18,633
658,19,466
659,7,649
659,8,681
659,9,215
659,10,338
659,17,434
659,18,540
659,19,247
660,7,108
660,8,387
660,9,487
660,10,149
660,17,616
660,18,686
660,19,377
661,7,399
661,8,688
661,9,234
661,10,679
661,17,246
661,18,589
661,19,577
662,7,258
662,8,483
662,9,262
662,10,540
662,17,288
662,18,514
662,19,438
663,7,280
663,8,387
663,9,286
663,10,237
663,17,229
663,18,293
663,19,415
664,7,243
664,8,115
664,9,401
664,10,522
664,17,344
664,18,206
664,19,187
665,7,228
665,8,440
665,9,103
665,10,426
665,17,509
665,18,405
665,19,324
666,7,447
666,8,420
666,9,658
666,10,280
666,17,485
666,18,207
666,19,630
667,7,509
667,8,395
667,9,270
667,10,430
667,17,592
667,18,294
667,19,111
668,7,294
668,8,589
668,9,281
668,10,415
668,17,129
668,18,695
668,19,195
669,7,480
669,8,543
669,9,397
669,10,460
669,17,473
669,18,653
669,19,402
670,7,520
670,8,345
670,9,336
670,10,633
670,17,284
670,18,567
670,19,462
671,7,382
671,8,652
671,9,435
671,10,261
671,17,259
671,18,573
671,19,421
672,7,111
672,8,523
672,9,172
672,10,687
672,17,300
672,18,621
672,19,604
673,7,138
673,8,159
673,9,677
673,10,420
673,17,534
673,18,507
673,19,485
674,7,668
674,8,177
674,9,293
674,10,384
674,17,626
674,18,623
674,19,255
675,7,439
675,8,224
675,9,379
675,10,227
675,17,413
675,18,431
675,19,249
676,7,553
676,8,135
676,9,519
676,10,121
676,17,305
676,18,455
676,19,539
677,7,195
677,8,263
677,9,247
677,10,629
677,17,393
677,18,294
677,19,579
678,7,222
678,8,499
678,9,551
678,10,203
678,17,561
678,18,495
678,19,436
679,7,698
679,8,241
679,9,416
679,10,657
679,17,626
679,18,655
679,19,500
680,7,409
680,8,594
680,9,655
680,10,208
680,17,471
680,18,305
680,19,142
681,7,344
681,8,386
681,9,454
681,10,575
681,17,182
681,18,209
681,19,289
682,7,350
682,8,390
682,9,300
682,10,425
682,17,610
682,18,508
682,19,607
683,7,171
683,8,346
683,9,686
683,10,665
683,17,443
683,18,153
683,19,627
684,7,631
684,8,657
684,9,292
684,10,157
684,17,536
684,18,210
684,19,228
685,7,425
685,8,107
685,9,128
685,10,211
685,17,230
685,18,287
685,19,574
686,7,463
686,8,303
686,9,311
686,10,375
686,17,172
686,18,342
686,19,201
687,7,270
687,8,287
687,9,540
687,10,185
687,17,575
687,18,151
687,19,210
688,7,142
688,8,310
688,9,299
688,10,125
688,17,398
688,18,176
688,19,236
689,7,119
689,8,539
689,9,310
689,10,650
689,17,534
689,18,306
689,19,538
690,7,141
690,8,510
690,9,622
690,10,526
690,17,374
690,18,547
690,19,468
691,7,319
691,8,676
691,9,331
691,10,427
691,17,542
691,18,151
691,19,475
692,7,362
692,8,366
692,9,458
692,10,416
692,17,423
692,18,662
692,19,520
693,7,145
693,8,699
693,9,368
693,10,480
693,17,217
693,18,665
693,19,215
694,7,359
694,8,174
694,9,579
694,10,404
694,17,106
694,18,465
694,19,622
695,7,447
695,8,537
695,9,314
695,10,528
695,17,597
695,18,639
695,19,466
696,7,412
696,8,637
696,9,153
696,10,640
696,17,566
696,18,263
696,19,433
697,7,646
697,8,447
697,9,372
697,10,513
697,17,599
697,18,192
697,19,178
698,7,316
698,8,457
698,9,606
698,10,658
698,17,280
698,18,675
698,19,345
699,7,343
699,8,605
699,9,521
699,10,419
699,17,186
699,18,316
699,19,589
700,7,618
700,8,377
700,9,268
700,10,429
700,17,540
700,18,490
700,19,595
701,7,480
701,8,405
701,9,612
701,10,287
701,17,615
701,18,526
701,19,601
702,7,359
702,8,612
702,9,170
702,10,577
702,17,277
702,18,556
702,19,288
703,7,390
703,8,619
703,9,391
703,10,382
703,17,643
703,18,476
703,19,255
704,7,607
704,8,512
704,9,627
704,10,454
704,17,658
704,18,286
704,19,130
705,7,359
705,8,520
705,9,628
705,10,650
705,17,403
705,18,138
705,19,588
706,7,641
706,8,377
706,9,302
706,10,165
706,17,207
706,18,367
706,19,321
707,7,629
707,8,189
707,9,354
707,10,554
707,17,352
707,18,356
707,19,482
708,7,541
708,8,698
708,9,189
708,10,489
708,17,681
708,18,143
708,19,697
709,7,118
709,8,200
709,9,456
709,10,641
709,17,132
709,18,328
709,19,623
710,7,254
710,8,522
710,9,345
710,10,504
710,17,640
710,18,260
710,19,216
711,7,370
711,8,586
711,9,271
711,10,373
711,17,358
711,18,234
711,19,521
712,7,520
712,8,285
712,9,463
712,10,477
712,17,622
712,18,679
712,19,295
713,7,197
713,8,121
713,9,549
713,10,271
713,17,482
713,18,233
713,19,525
714,7,124
714,8,602
714,9,284
714,10,184
714,17,666
714,18,243
714,19,511
715,7,323
715,8,319
715,9,278
715,10,532
715,17,364
715,18,528
715,19,515
716,7,552
716,8,296
716,9,653
716,10,152
716,17,579
716,18,542
716,19,429
717,7,350
717,8,222
717,9,486
717,10,438
717,17,447
717,18,128
717,19,134
718,7,617
718,8,495
718,9,393
718,10,688
718,17,448
718,18,246
718,19,166
719,7,619
719,8,221
719,9,439
719,10,274
719,17,696
719,18,550
719,19,656
720,7,235
720,8,115
720,9,432
720,10,294
720,17,595
720,18,108
720,19,433
721,7,432
721,8,426
721,9,114
721,10,325
721,17,524
721,18,507
721,19,212
722,7,527
722,8,100
722,9,365
722,10,590
722,17,307
722,18,468
722,19,405
723,7,111
723,8,444
723,9,564
723,10,593
723,17,467
723,18,519
723,19,270
724,7,233
724,8,526
724,9,124
724,10,629
724,17,289
724,18,240
724,19,654
725,7,414
725,8,543
725,9,418
725,10,540
725,17,191
725,18,278
725,19,155
726,7,254
726,8,210
726,9,236
726,10,331
726,17,567
726,18,580
726,19,167
727,7,348
727,8,422
727,9,617
727,10,531
727,17,586
727,18,528
727,19,368
728,7,636
728,8,247
728,9,217
728,10,466
728,17,165
728,18,469
728,19,274
729,7,687
729,8,594
729,9,213
729,10,210
729,17,538
729,18,246
729,19,134
730,7,408
730,8,637
730,9,113
730,10,473
730,17,656
730,18,527
730,19,332
731,7,662
731,8,539
731,9,601
731,10,374
731,17,175
731,18,538
731,19,388
732,7,639
732,8,352
732,9,225
732,10,276
732,17,136
732,18,509
732,19,226
733,7,582
733,8,267
733,9,691
733,10,393
733,17,442
733,18,409
733,19,627
734,7,639
734,8,518
734,9,543
734,10,657
734,17,335
734,18,538
734,19,313
735,7,184
735,8,184
735,9,588
735,10,164
735,17,163
735,18,442
735,19,451
736,7,257
736,8,688
736,9,590
736,10,562
736,17,324
736,18,412
736,19,565
737,7,187
737,8,402
737,9,534
737,10,234
737,17,149
737,18,531
737,19,439
738,7,446
738,8,446
738,9,344
738,10,208
738,17,632
738,18,189
738,19,395
739,7,211
739,8,688
739,9,276
739,10,442
739,17,200
739,18,500
739,19,127
740,7,636
740,8,157
740,9,597
740,10,396
740,17,233
740,18,430
740,19,348
741,7,649
741,8,174
741,9,267
741,10,602
741,17,454
741,18,324
741,19,630
742,7,245
742,8,340
742,9,443
742,10,134
742,17,100
742,18,252
742,19,528
743,7,607
743,8,225
743,9,590
743,10,581
743,17,444
743,18,320
743,19,124
744,7,627
744,8,281
744,9,598
744,10,141
744,17,580
744,18,538
744,19,501
745,7,645
745,8,444
745,9,144
745,10,120
745,17,169
745,18,147
745,19,590
746,7,650
746,8,386
746,9,109
746,10,641
746,17,373
746,18,699
746,19,480
747,7,428
747,8,578
747,9,114
747,10,615
747,17,290
747,18,267
747,19,620
748,7,236
748,8,253
748,9,487
748,10,308
748,17,371
748,18,242
748,19,168
749,7,346
749,8,360
749,9,178
749,10,624
749,17,429
749,18,288
749,19,194
750,7,107
750,8,166
750,9,595
750,10,290
750,17,465
750,18,620
750,19,216
751,7,366
751,8,584
751,9,608
751,10,397
751,17,263
751,18,475
751,19,367
752,7,648
752,8,173
752,9,607
752,10,172
752,17,407
752,18,298
752,19,229
753,7,671
753,8,586
753,9,250
753,10,305
753,17,278
753,18,296
753,19,188
754,7,533
754,8,282
754,9,308
754,10,592
754,17,229
754,18,112
754,19,205
755,7,474
755,8,681
755,9,198
755,10,693
755,17,686
755,18,291
755,19,424
756,7,566
756,8,466
756,9,417
756,10,243
756,17,483
756,18,315
756,19,460
757,7,423
757,8,114
757,9,316
757,10,591
757,17,646
757,18,282
757,19,369
758,7,566
758,8,618
758,9,641
758,10,566
758,17,404
758,18,243
758,19,210
759,7,331
759,8,683
759,9,691
759,10,599
759,17,694
759,18,653
759,19,372
760,7,272
760,8,106
760,9,254
760,10,621
760,17,645
760,18,647
760,19,617
761,7,314
761,8,233
761,9,384
761,10,225
761,17,538
761,18,251
761,19,430
762,7,637
762,8,482
762,9,214
762,10,581
762,17,383
762,18,174
762,19,265
763,7,288
763,8,177
763,9,120
763,10,665
763,17,283
763,18,321
763,19,427
764,7,278
764,8,211
764,9,158
764,10,426
764,17,290
764,18,299
764,19,411
765,7,134
765,8,478
765,9,486
765,10,336
765,17,618
765,18,382
765,19,100
766,7,563
766,8,329
766,9,271
766,10,186
766,17,652
766,18,222
766,19,397
767,7,674
767,8,583
767,9,264
767,10,482
767,17,308
767,18,531
767,19,488
768,7,659
768,8,323
768,9,102
768,10,471
768,17,545
768,18,215
768,19,369
769,7,546
769,8,467
769,9,352
769,10,416
769,17,514
769,18,194
769,19,123
770,7,149
770,8,601
770,9,597
770,10,434
770,17,178
770,18,681
770,19,126
771,7,370
771,8,661
771,9,346
771,10,690
771,17,486
771,18,658
771,19,460
772,7,587
772,8,451
772,9,355
772,10,321
772,17,100
772,18,645
772,19,545
773,7,178
773,8,335
773,9,433
773,10,448
773,17,197
773,18,181
773,19,601
774,7,576
774,8,649
774,9,113
774,10,491
774,17,446
774,18,409
774,19,485
775,7,308
775,8,456
775,9,667
775,10,193
775,17,192
775,18,439
775,19,696
776,7,544
776,8,121
776,9,390
776,10,584
776,17,405
776,18,227
776,19,372
777,7,541
777,8,602
777,9,229
777,10,231
777,17,696
777,18,581
777,19,489
778,7,692
778,8,424
778,9,168
778,10,547
778,17,627
778,18,264
778,19,587
779,7,525
779,8,364
779,9,441
779,10,377
779,17,538
779,18,256
779,19,521
780,7,350
780,8,629
780,9,426
780,10,196
780,17,612
780,18,315
780,19,231
781,7,359
781,8,224
781,9,181
781,10,382
781,17,158
781,18,643
781,19,260
782,7,383
782,8,205
782,9,204
782,10,538
782,17,327
782,18,681
782,19,417
783,7,563
783,8,698
783,9,571
783,10,155
783,17,112
783,18,539
783,19,117
784,7,212
784,8,328
784,9,270
784,10,394
784,17,288
784,18,525
784,19,178
785,7,281
785,8,598
785,9,170
785,10,347
785,17,245
785,18,395
785,19,681
786,7,569
786,8,605
786,9,292
786,10,167
786,17,593
786,18,151
786,19,462
787,7,573
787,8,620
787,9,530
787,10,397
787,17,534
787,18,297
787,19,227
788,7,631
788,8,510
788,9,164
788,10,340
788,17,468
788,18,635
788,19,483
789,7,530
789,8,182
789,9,673
789,10,385
789,17,633
789,18,558
789,19,311
790,7,225
790,8,512
790,9,598
790,10,524
790,17,653
790,18,642
790,19,257
791,7,211
791,8,501
791,9,221
791,10,372
791,17,393
791,18,497
791,19,570
792,7,306
792,8,209
792,9,539
792,10,377
792,17,667
792,18,668
792,19,581
793,7,213
793,8,576
793,9,420
793,10,278
793,17,318
793,18,627
793,19,591
794,7,160
794,8,153
794,9,637
794,10,164
794,17,685
794,18,270
794,19,372
795,7,634
795,8,490
795,9,426
795,10,207
795,17,261
795,18,551
795,19,305
796,7,689
796,8,115
796,9,426
796,10,101
796,17,109
796,18,533
796,19,224
797,7,180
797,8,584
797,9,249
797,10,439
797,17,228
797,18,537
797,19,600
798,7,157
798,8,297
798,9,310
798,10,144
798,17,196
798,18,378
798,19,634
799,7,509
799,8,560
799,9,490
799,10,143
799,17,126
799,18,196
799,19,647
800,7,666
800,8,318
800,9,284
800,10,168
800,17,229
800,18,666
800,19,698
801,7,433
801,8,253
801,9,646
801,10,178
801,17,678
801,18,512
801,19,645
802,7,268
802,8,682
802,9,614
802,10,413
802,17,131
802,18,386
802,19,693
803,7,142
803,8,100
803,9,672
803,10,369
803,17,279
803,18,617
803,19,202
804,7,109
804,8,682
804,9,189
804,10,325
804,17,225
804,18,308
804,19,196
805,7,173
805,8,290
805,9,155
805,10,652
805,17,131
805,18,626
805,19,673
806,7,383
806,8,593
806,9,286
806,10,597
806,17,541
806,18,229
806,19,391
807,7,213
807,8,298
807,9,112
807,10,370
807,17,314
807,18,543
807,19,611
808,7,546
808,8,173
808,9,636
808,10,200
808,17,275
808,18,526
808,19,216
809,7,265
809,8,140
809,9,528
809,10,443
809,17,523
809,18,465
809,19,219
810,7,328
810,8,229
810,9,451
810,10,417
810,17,436
810,18,372
810,19,216
811,7,467
811,8,193
811,9,267
811,10,440
811,17,251
811,18,685
811,19,373
812,7,653
812,8,595
812,9,200
812,10,656
812,17,181
812,18,628
812,19,172
813,7,113
813,8,532
813,9,256
813,10,231
813,17,437
813,18,503
813,19,475
814,7,658
814,8,206
814,9,364
814,10,304
814,17,178
814,18,254
814,19,346
815,7,630
815,8,637
815,9,253
815,10,253
815,17,191
815,18,532
815,19,437
816,7,579
816,8,230
816,9,549
816,10,372
816,17,687
816,18,276
816,19,148
817,7,666
817,8,454
817,9,407
817,10,145
817,17,401
817,18,507
817,19,288
818,7,228
818,8,660
818,9,636
818,10,365
818,17,217
818,18,563
818,19,243
819,7,541
819,8,299
819,9,256
819,10,586
819,17,233
819,18,247
819,19,435
820,7,170
820,8,332
820,9,433
820,10,189
820,17,433
820,18,298
820,19,260
821,7,637
821,8,220
821,9,400
821,10,674
821,17,535
821,18,167
821,19,558
822,7,613
822,8,497
822,9,385
822,10,660
822,17,239
822,18,655
822,19,689
823,7,381
823,8,677
823,9,556
823,10,186
823,17,178
823,18,304
823,19,436
824,7,353
824,8,403
824,9,479
824,10,229
824,17,695
824,18,375
824,19,657
825,7,282
825,8,367
825,9,421
825,10,611
825,17,177
825,18,438
825,19,655
826,7,608
826,8,337
826,9,233
826,10,291
826,17,455
826,18,377
826,19,117
827,7,623
827,8,279
827,9,222
827,10,345
827,17,472
827,18,150
827,19,170
828,7,579
828,8,659
828,9,118
828,10,183
828,17,254
828,18,664
828,19,456
829,7,542
829,8,168
829,9,622
829,10,242
829,17,291
829,18,486
829,19,477
830,7,680
830,8,634
830,9,392
830,10,108
830,17,370
830,18,486
830,19,192
831,7,628
831,8,253
831,9,504
831,10,248
831,17,366
831,18,521
831,19,571
832,7,646
832,8,625
832,9,602
832,10,113
832,17,463
832,18,218
832,19,337
833,7,645
833,8,268
833,9,621
833,10,615
833,17,496
833,18,205
833,19,184
834,7,313
834,8,220
834,9,231
834,10,296
834,17,118
834,18,111
834,19,180
835,7,429
835,8,491
835,9,406
835,10,366
835,17,546
835,18,540
835,19,101
836,7,619
836,8,408
836,9,621
836,10,568
836,17,311
836,18,211
836,19,107
837,7,576
837,8,559
837,9,352
837,10,625
837,17,537
837,18,335
837,19,405
838,7,577
838,8,119
838,9,315
838,10,234
838,17,228
838,18,509
838,19,521
839,7,393
839,8,345
839,9,655
839,10,185
839,17,655
839,18,474
839,19,545
840,7,477
840,8,489
840,9,150
840,10,341
840,17,393
840,18,662
840,19,365
841,7,219
841,8,347
841,9,169
841,10,156
841,17,481
841,18,138
841,19,542
842,7,117
842,8,451
842,9,397
842,10,382
842,17,685
842,18,209
842,19,279
843,7,643
843,8,124
843,9,156
843,10,279
843,17,331
843,18,442
843,19,576
844,7,675
844,8,554
844,9,331
844,10,388
844,17,312
844,18,357
844,19,629
845,7,328
845,8,325
845,9,695
845,10,534
845,17,501
845,18,187
845,19,683
846,7,641
846,8,408
846,9,442
846,10,535
846,17,276
846,18,238
846,19,293
847,7,285
847,8,317
847,9,263
847,10,260
847,17,624
847,18,141
847,19,309
848,7,374
848,8,378
848,9,350
848,10,409
848,17,239
848,18,645
848,19,629
849,7,156
849,8,211
849,9,104
849,10,509
849,17,513
849,18,281
849,19,112
850,7,438
850,8,358
850,9,189
850,10,349
850,17,354
850,18,687
850,19,207
851,7,693
851,8,688
851,9,584
851,10,357
851,17,381
851,18,187
851,19,303
852,7,115
852,8,250
852,9,353
852,10,287
852,17,428
852,18,643
852,19,496
853,7,616
853,8,558
853,9,429
853,10,268
853,17,465
853,18,277
853,19,461
854,7,139
854,8,515
854,9,454
854,10,354
854,17,242
854,18,676
854,19,110
855,7,125
855,8,520
855,9,320
855,10,595
855,17,336
855,18,336
855,19,318
856,7,586
856,8,560
856,9,243
856,10,288
856,17,354
856,18,167
856,19,435
857,7,508
857,8,399
857,9,456
857,10,355
857,17,452
857,18,620
857,19,623
858,7,383
858,8,411
858,9,198
858,10,296
858,17,581
858,18,325
858,19,464
859,7,467
859,8,669
859,9,689
859,10,174
859,17,141
859,18,521
859,19,280
860,7,644
860,8,170
860,9,667
860,10,204
860,17,299
860,18,200
860,19,406
861,7,685
861,8,476
861,9,498
861,10,320
861,17,694
861,18,281
861,19,406
862,7,621
862,8,495
862,9,103
862,10,380
862,17,314
862,18,519
862,19,200
863,7,620
863,8,672
863,9,408
863,10,609
863,17,162
863,18,325
863,19,204
864,7,524
864,8,354
864,9,528
864,10,533
864,17,306
864,18,127
864,19,435
865,7,687
865,8,168
865,9,612
865,10,266
865,17,467
865,18,350
865,19,269
866,7,189
866,8,660
866,9,545
866,10,393
866,17,249
866,18,231
866,19,532
867,7,158
867,8,298
867,9,314
867,10,660
867,17,571
867,18,346
867,19,481
868,7,338
868,8,466
868,9,267
868,10,659
868,17,150
868,18,479
868,19,573
869,7,179
869,8,466
869,9,560
869,10,638
869,17,551
869,18,563
869,19,577
870,7,519
870,8,313
870,9,468
870,10,213
870,17,602
870,18,687
870,19,410
871,7,568
871,8,143
871,9,514
871,10,345
871,17,183
871,18,306
871,19,250
872,7,627
872,8,264
872,9,244
872,10,136
872,17,432
872,18,502
872,19,513
873,7,144
873,8,501
873,9,305
873,10,161
873,17,519
873,18,567
873,19,118
874,7,464
874,8,399
874,9,106
874,10,527
874,17,216
874,18,679
874,19,606
875,7,645
875,8,424
875,9,154
875,10,141
875,17,396
875,18,330
875,19,552
876,7,493
876,8,621
876,9,457
876,10,543
876,17,227
876,18,504
876,19,491
877,7,292
877,8,177
877,9,184
877,10,129
877,17,148
877,18,244
877,19,168
878,7,157
878,8,673
878,9,578
878,10,544
878,17,395
878,18,270
878,19,674
879,7,246
879,8,583
879,9,405
879,10,545
879,17,320
879,18,654
879,19,477
880,7,365
880,8,194
880,9,361
880,10,170
880,17,318
880,18,632
880,19,191
881,7,226
881,8,179
881,9,337
881,10,471
881,17,585
881,18,124
881,19,255
882,7,616
882,8,629
882,9,156
882,10,118
882,17,483
882,18,292
882,19,336
883,7,486
883,8,525
883,9,376
883,10,326
883,17,651
883,18,422
883,19,252
884,7,336
884,8,154
884,9,535
884,10,208
884,17,283
884,18,467
884,19,297
885,7,470
885,8,472
885,9,596
885,10,698
885,17,300
885,18,608
885,19,421
886,7,374
886,8,310
886,9,603
886,10,217
886,17,653
886,18,141
886,19,414
887,7,428
887,8,116
887,9,382
887,10,357
887,17,674
887,18,673
887,19,118
888,7,628
888,8,522
888,9,565
888,10,472
888,17,180
888,18,650
888,19,647
889,7,523
889,8,528
889,9,487
889,10,303
889,17,295
889,18,384
889,19,295
890,7,406
890,8,113
890,9,245
890,10,156
890,17,309
890,18,628
890,19,443
891,7,378
891,8,308
891,9,434
891,10,387
891,17,351
891,18,364
891,19,370
892,7,518
892,8,310
892,9,464
892,10,175
892,17,420
892,18,532
892,19,208
893,7,621
893,8,146
893,9,478
893,10,195
893,17,202
893,18,245
893,19,126
894,7,629
894,8,181
894,9,527
894,10,683
894,17,578
894,18,261
894,19,501
895,7,607
895,8,137
895,9,610
895,10,492
895,17,593
895,18,299
895,19,354
896,7,278
896,8,646
896,9,693
896,10,488
896,17,497
896,18,257
896,19,103
897,7,266
897,8,567
897,9,508
897,10,511
897,17,303
897,18,293
897,19,334
898,7,249
898,8,258
898,9,378
898,10,503
898,17,410
898,18,167
898,19,562
899,7,187
899,8,316
899,9,100
899,10,234
899,17,450
899,18,239
899,19,232
900,7,277
900,8,457
900,9,479
900,10,549
900,17,685
900,18,562
900,19,207
901,7,221
901,8,116
901,9,295
901,10,426
901,17,417
901,18,578
901,19,351
902,7,602
902,8,218
902,9,597
902,10,585
902,17,144
902,18,413
902,19,278
903,7,517
903,8,655
903,9,177
903,10,425
903,17,456
903,18,515
903,19,614
904,7,313
904,8,173
904,9,662
904,10,678
904,17,608
904,18,431
904,19,192
905,7,618
905,8,368
905,9,475
905,10,103
905,17,237
905,18,330
905,19,699
906,7,628
906,8,151
906,9,424
906,10,376
906,17,635
906,18,585
906,19,615
907,7,251
907,8,582
907,9,358
907,10,423
907,17,267
907,18,409
907,19,578
908,7,155
908,8,572
908,9,395
908,10,560
908,17,423
908,18,240
908,19,361
909,7,519
909,8,340
909,9,454
909,10,688
909,17,279
909,18,165
909,19,447
910,7,270
910,8,573
910,9,633
910,10,466
910,17,206
910,18,538
910,19,326
911,7,543
911,8,541
911,9,495
911,10,680
911,17,183
911,18,650
911,19,112
912,7,592
912,8,367
912,9,624
912,10,219
912,17,452
912,18,156
912,19,139
913,7,435
913,8,272
913,9,646
913,10,358
913,17,616
913,18,622
913,19,216
914,7,283
914,8,215
914,9,261
914,10,678
914,17,642
914,18,686
914,19,336
915,7,165
915,8,169
915,9,546
915,10,515
915,17,631
915,18,540
915,19,563
916,7,495
916,8,650
916,9,656
916,10,494
916,17,425
916,18,190
916,19,169
917,7,265
917,8,313
917,9,434
917,10,468
917,17,683
917,18,148
917,19,151
918,7,388
918,8,338
918,9,232
918,10,265
918,17,473
918,18,472
918,19,577
919,7,578
919,8,690
919,9,399
919,10,181
919,17,186
919,18,324
919,19,115
920,7,457
920,8,262
920,9,613
920,10,449
920,17,563
920,18,474
920,19,191
921,7,280
921,8,400
921,9,288
921,10,413
921,17,592
921,18,227
921,19,618
922,7,525
922,8,658
922,9,664
922,10,286
922,17,649
922,18,552
922,19,570
923,7,664
923,8,323
923,9,253
923,10,659
923,17,450
923,18,246
923,19,675
924,7,448
924,8,281
924,9,278
924,10,138
924,17,102
924,18,163
924,19,128
925,7,471
925,8,622
925,9,196
925,10,541
925,17,302
925,18,510
925,19,120
926,7,650
926,8,201
926,9,145
926,10,165
926,17,263
926,18,210
926,19,437
927,7,222
927,8,546
927,9,390
927,10,511
927,17,380
927,18,142
927,19,585
928,7,695
928,8,150
928,9,309
928,10,225
928,17,591
928,18,608
928,19,680
929,7,357
929,8,287
929,9,329
929,10,288
929,17,514
929,18,109
929,19,213
930,7,175
930,8,601
930,9,184
930,10,148
930,17,594
930,18,486
930,19,488
931,7,317
931,8,445
931,9,329
931,10,354
931,17,335
931,18,125
931,19,683
932,7,360
932,8,370
932,9,222
932,10,356
932,17,520
932,18,358
932,19,146
933,7,624
933,8,307
933,9,410
933,10,248
933,17,537
933,18,254
933,19,189
934,7,457
934,8,273
934,9,316
934,10,555
934,17,298
934,18,585
934,19,632
935,7,299
935,8,470
935,9,547
935,10,347
935,17,363
935,18,157
935,19,401
936,7,130
936,8,597
936,9,348
936,10,370
936,17,493
936,18,601
936,19,691
937,7,183
937,8,464
937,9,648
937,10,441
937,17,506
937,18,524
937,19,192
938,7,511
938,8,531
938,9,258
938,10,113
938,17,472
938,18,324
938,19,604
939,7,172
939,8,348
939,9,610
939,10,315
939,17,640
939,18,319
939,19,320
940,7,488
940,8,653
940,9,141
940,10,382
940,17,157
940,18,636
940,19,172
941,7,228
941,8,698
941,9,525
941,10,224
941,17,166
941,18,105
941,19,413
942,7,425
942,8,664
942,9,677
942,10,605
942,17,181
942,18,698
942,19,101
943,7,303
943,8,503
943,9,202
943,10,635
943,17,467
943,18,311
943,19,676
944,7,308
944,8,216
944,9,577
944,10,204
944,17,594
944,18,145
944,19,430
945,7,315
945,8,591
945,9,548
945,10,635
945,17,610
945,18,557
945,19,646
946,7,635
946,8,639
946,9,583
946,10,115
946,17,670
946,18,342
946,19,306
947,7,370
947,8,214
947,9,679
947,10,398
947,17,582
947,18,496
947,19,493
948,7,174
948,8,581
948,9,202
948,10,396
948,17,277
948,18,314
948,19,414
949,7,138
949,8,358
949,9,106
949,10,148
949,17,637
949,18,260
949,19,275
950,7,690
950,8,101
950,9,554
950,10,375
950,17,597
950,18,127
950,19,432
951,7,100
951,8,287
951,9,155
951,10,646
951,17,211
951,18,409
951,19,135
952,7,538
952,8,691
952,9,694
952,10,676
952,17,424
952,18,406
952,19,633
953,7,208
953,8,471
953,9,456
953,10,280
953,17,455
953,18,167
953,19,391
954,7,280
954,8,565
954,9,533
954,10,563
954,17,633
954,18,165
954,19,120
955,7,483
955,8,658
955,9,138
955,10,384
955,17,696
955,18,435
955,19,287
956,7,342
956,8,172
956,9,578
956,10,660
956,17,200
956,18,613
956,19,275
957,7,337
957,8,158
957,9,198
957,10,594
957,17,613
957,18,396
957,19,310
958,7,222
958,8,328
958,9,693
958,10,487
958,17,239
958,18,640
958,19,490
959,7,369
959,8,111
959,9,488
959,10,436
959,17,605
959,18,205
959,19,131
